kvk_id,season_id,kingdom_a,kingdom_b,prep_winner,castle_winner,attacker,defender,castle_captured,season_date,kvk_title,description,created_at,updated_at,kingdom_a_age_days,kingdom_b_age_days
7,7,1,10,1,10,1,10,false,2025-11-08,KvK #7,KvK #7,2026-01-25T23:26:55.982Z,2026-01-25T23:26:55.982Z,257,247
14,7,2,7,7,7,7,2,true,2025-11-08,KvK #7,KvK #7,2026-01-25T23:26:56.011Z,2026-01-25T23:26:56.011Z,255,250
21,7,3,45,45,3,45,3,false,2025-11-08,KvK #7,KvK #7,2026-01-25T23:26:56.041Z,2026-01-25T23:26:56.041Z,254,230
27,7,4,25,4,4,4,25,true,2025-11-08,KvK #7,KvK #7,2026-01-25T23:26:56.064Z,2026-01-25T23:26:56.064Z,253,237
32,7,5,20,20,5,20,5,false,2025-11-08,KvK #7,KvK #7,2026-01-25T23:26:56.082Z,2026-01-25T23:26:56.082Z,252,238
36,7,6,12,12,12,12,6,true,2025-11-08,KvK #7,KvK #7,2026-01-25T23:26:56.097Z,2026-01-25T23:26:56.097Z,251,245
50,7,8,14,14,14,14,8,true,2025-11-08,KvK #7,KvK #7,2026-01-25T23:26:56.154Z,2026-01-25T23:26:56.154Z,249,243
57,7,9,29,29,9,29,9,false,2025-11-08,KvK #7,KvK #7,2026-01-25T23:26:56.189Z,2026-01-25T23:26:56.189Z,248,235
70,7,11,13,11,11,11,13,true,2025-11-08,KvK #7,KvK #7,2026-01-25T23:26:56.241Z,2026-01-25T23:26:56.241Z,246,244
87,7,15,21,15,21,15,21,false,2025-11-08,KvK #7,KvK #7,2026-01-25T23:26:56.302Z,2026-01-25T23:26:56.302Z,242,238
91,7,16,47,47,47,47,16,true,2025-11-08,KvK #7,KvK #7,2026-01-25T23:26:56.315Z,2026-01-25T23:26:56.315Z,241,229
98,7,17,30,30,17,30,17,false,2025-11-08,KvK #7,KvK #7,2026-01-25T23:26:56.336Z,2026-01-25T23:26:56.336Z,240,235
103,7,18,61,61,61,61,18,true,2025-11-08,KvK #7,KvK #7,2026-01-25T23:26:56.348Z,2026-01-25T23:26:56.348Z,239,224
109,7,19,27,27,19,27,19,false,2025-11-08,KvK #7,KvK #7,2026-01-25T23:26:56.363Z,2026-01-25T23:26:56.363Z,238,236
124,7,22,33,33,33,33,22,true,2025-11-08,KvK #7,KvK #7,2026-01-25T23:26:56.410Z,2026-01-25T23:26:56.410Z,237,233
130,7,23,39,39,23,39,23,false,2025-11-08,KvK #7,KvK #7,2026-01-25T23:26:56.425Z,2026-01-25T23:26:56.425Z,237,231
136,7,24,42,24,24,24,42,true,2025-11-08,KvK #7,KvK #7,2026-01-25T23:26:56.440Z,2026-01-25T23:26:56.440Z,237,230
149,7,28,32,28,28,28,32,true,2025-11-08,KvK #7,KvK #7,2026-01-25T23:26:56.473Z,2026-01-25T23:26:56.473Z,235,234
165,7,31,63,63,63,63,31,true,2025-11-08,KvK #7,KvK #7,2026-01-25T23:26:56.512Z,2026-01-25T23:26:56.512Z,233,224
175,7,34,35,34,34,34,35,true,2025-11-08,KvK #7,KvK #7,2026-01-25T23:26:56.538Z,2026-01-25T23:26:56.538Z,233,232
184,7,36,58,36,36,36,58,true,2025-11-08,KvK #7,KvK #7,2026-01-25T23:26:56.563Z,2026-01-25T23:26:56.563Z,232,225
188,7,37,40,37,40,37,40,false,2025-11-08,KvK #7,KvK #7,2026-01-25T23:26:56.574Z,2026-01-25T23:26:56.574Z,231,231
194,7,38,43,43,38,43,38,false,2025-11-08,KvK #7,KvK #7,2026-01-25T23:26:56.590Z,2026-01-25T23:26:56.590Z,230,230
208,7,41,48,48,48,48,41,true,2025-11-08,KvK #7,KvK #7,2026-01-25T23:26:56.627Z,2026-01-25T23:26:56.627Z,231,229
219,7,44,62,62,44,62,44,false,2025-11-08,KvK #7,KvK #7,2026-01-25T23:26:56.656Z,2026-01-25T23:26:56.656Z,230,224
229,7,46,54,54,46,54,46,false,2025-11-08,KvK #7,KvK #7,2026-01-25T23:26:56.697Z,2026-01-25T23:26:56.697Z,229,227
245,7,49,53,53,53,53,49,true,2025-11-08,KvK #7,KvK #7,2026-01-25T23:26:56.747Z,2026-01-25T23:26:56.747Z,228,227
250,7,50,56,56,50,56,50,false,2025-11-08,KvK #7,KvK #7,2026-01-25T23:26:56.760Z,2026-01-25T23:26:56.760Z,228,226
254,7,51,55,55,55,55,51,true,2025-11-08,KvK #7,KvK #7,2026-01-25T23:26:56.770Z,2026-01-25T23:26:56.770Z,228,225
260,7,52,65,52,52,52,65,true,2025-11-08,KvK #7,KvK #7,2026-01-25T23:26:56.785Z,2026-01-25T23:26:56.785Z,227,223
277,7,57,66,66,57,66,57,false,2025-11-08,KvK #7,KvK #7,2026-01-25T23:26:56.832Z,2026-01-25T23:26:56.832Z,225,223
282,7,59,67,67,67,67,59,true,2025-11-08,KvK #7,KvK #7,2026-01-25T23:26:56.844Z,2026-01-25T23:26:56.844Z,225,223
285,7,60,64,60,60,60,64,true,2025-11-08,KvK #7,KvK #7,2026-01-25T23:26:56.851Z,2026-01-25T23:26:56.851Z,224,223
304,7,68,117,68,68,68,117,true,2025-11-08,KvK #7,KvK #7,2026-01-25T23:26:56.901Z,2026-01-25T23:26:56.901Z,222,208
310,7,69,97,97,69,97,69,false,2025-11-08,KvK #7,KvK #7,2026-01-25T23:26:56.917Z,2026-01-25T23:26:56.917Z,222,214
316,7,70,87,87,87,87,70,true,2025-11-08,KvK #7,KvK #7,2026-01-25T23:26:56.933Z,2026-01-25T23:26:56.933Z,222,216
321,7,71,84,84,84,84,71,true,2025-11-08,KvK #7,KvK #7,2026-01-25T23:26:56.946Z,2026-01-25T23:26:56.946Z,221,217
328,7,72,89,89,89,89,72,true,2025-11-08,KvK #7,KvK #7,2026-01-25T23:26:56.976Z,2026-01-25T23:26:56.976Z,221,216
334,7,73,133,133,73,133,73,false,2025-11-08,KvK #7,KvK #7,2026-01-25T23:26:56.992Z,2026-01-25T23:26:56.992Z,221,204
341,7,74,85,85,85,85,74,true,2025-11-08,KvK #7,KvK #7,2026-01-25T23:26:57.012Z,2026-01-25T23:26:57.012Z,220,217
346,7,75,101,101,75,101,75,false,2025-11-08,KvK #7,KvK #7,2026-01-25T23:26:57.028Z,2026-01-25T23:26:57.028Z,220,212
351,7,76,90,90,90,90,76,true,2025-11-08,KvK #7,KvK #7,2026-01-25T23:26:57.045Z,2026-01-25T23:26:57.045Z,219,215
359,7,77,82,82,77,82,77,false,2025-11-08,KvK #7,KvK #7,2026-01-25T23:26:57.078Z,2026-01-25T23:26:57.078Z,219,217
363,7,78,79,78,78,78,79,true,2025-11-08,KvK #7,KvK #7,2026-01-25T23:26:57.094Z,2026-01-25T23:26:57.094Z,219,218
372,7,80,88,88,80,88,80,false,2025-11-08,KvK #7,KvK #7,2026-01-25T23:26:57.126Z,2026-01-25T23:26:57.126Z,217,216
378,7,81,91,81,91,81,91,false,2025-11-08,KvK #7,KvK #7,2026-01-25T23:26:57.145Z,2026-01-25T23:26:57.145Z,218,215
390,7,83,98,98,83,98,83,false,2025-11-08,KvK #7,KvK #7,2026-01-25T23:26:57.179Z,2026-01-25T23:26:57.179Z,217,213
403,7,86,165,165,165,165,86,true,2025-11-08,KvK #7,KvK #7,2026-01-25T23:26:57.214Z,2026-01-25T23:26:57.214Z,216,197
421,7,92,95,92,92,92,95,true,2025-11-08,KvK #7,KvK #7,2026-01-25T23:26:57.267Z,2026-01-25T23:26:57.267Z,215,214
426,7,93,116,116,116,116,93,true,2025-11-08,KvK #7,KvK #7,2026-01-25T23:26:57.279Z,2026-01-25T23:26:57.279Z,215,208
429,7,94,107,107,94,107,94,false,2025-11-08,KvK #7,KvK #7,2026-01-25T23:26:57.287Z,2026-01-25T23:26:57.287Z,214,210
434,7,96,102,96,96,96,102,true,2025-11-08,KvK #7,KvK #7,2026-01-25T23:26:57.302Z,2026-01-25T23:26:57.302Z,214,212
443,7,99,103,99,103,99,103,false,2025-11-08,KvK #7,KvK #7,2026-01-25T23:26:57.327Z,2026-01-25T23:26:57.327Z,213,211
445,7,100,124,124,124,124,100,true,2025-11-08,KvK #7,KvK #7,2026-01-25T23:26:57.332Z,2026-01-25T23:26:57.332Z,213,206
458,7,104,146,146,146,146,104,true,2025-11-08,KvK #7,KvK #7,2026-01-25T23:26:57.367Z,2026-01-25T23:26:57.367Z,211,201
459,7,105,112,105,105,105,112,true,2025-11-08,KvK #7,KvK #7,2026-01-25T23:26:57.370Z,2026-01-25T23:26:57.370Z,211,209
462,7,106,119,119,119,119,106,true,2025-11-08,KvK #7,KvK #7,2026-01-25T23:26:57.377Z,2026-01-25T23:26:57.377Z,211,208
466,7,108,110,108,110,108,110,false,2025-11-08,KvK #7,KvK #7,2026-01-25T23:26:57.387Z,2026-01-25T23:26:57.387Z,210,209
468,7,109,138,138,109,138,109,false,2025-11-08,KvK #7,KvK #7,2026-01-25T23:26:57.392Z,2026-01-25T23:26:57.392Z,210,203
473,7,111,141,111,141,111,141,false,2025-11-08,KvK #7,KvK #7,2026-01-25T23:26:57.405Z,2026-01-25T23:26:57.405Z,209,202
478,7,113,130,130,130,130,113,true,2025-11-08,KvK #7,KvK #7,2026-01-25T23:26:57.417Z,2026-01-25T23:26:57.417Z,209,204
481,7,114,145,145,145,145,114,true,2025-11-08,KvK #7,KvK #7,2026-01-25T23:26:57.425Z,2026-01-25T23:26:57.425Z,209,201
483,7,115,123,123,123,123,115,true,2025-11-08,KvK #7,KvK #7,2026-01-25T23:26:57.430Z,2026-01-25T23:26:57.430Z,209,206
497,7,118,125,118,118,118,125,true,2025-11-08,KvK #7,KvK #7,2026-01-25T23:26:57.465Z,2026-01-25T23:26:57.465Z,208,206
506,7,120,173,173,120,173,120,false,2025-11-08,KvK #7,KvK #7,2026-01-25T23:26:57.487Z,2026-01-25T23:26:57.487Z,207,195
511,7,121,122,121,121,121,122,true,2025-11-08,KvK #7,KvK #7,2026-01-25T23:26:57.501Z,2026-01-25T23:26:57.501Z,207,207
534,7,126,139,139,139,139,126,true,2025-11-08,KvK #7,KvK #7,2026-01-25T23:26:57.561Z,2026-01-25T23:26:57.561Z,206,202
538,7,127,156,156,156,156,127,true,2025-11-08,KvK #7,KvK #7,2026-01-25T23:26:57.571Z,2026-01-25T23:26:57.571Z,205,199
544,7,128,129,129,128,129,128,false,2025-11-08,KvK #7,KvK #7,2026-01-25T23:26:57.586Z,2026-01-25T23:26:57.586Z,205,205
558,7,131,137,131,131,131,137,true,2025-11-08,KvK #7,KvK #7,2026-01-25T23:26:57.620Z,2026-01-25T23:26:57.620Z,204,203
561,7,132,175,132,175,132,175,false,2025-11-08,KvK #7,KvK #7,2026-01-25T23:26:57.627Z,2026-01-25T23:26:57.627Z,204,195
569,7,134,167,134,167,134,167,false,2025-11-08,KvK #7,KvK #7,2026-01-25T23:26:57.647Z,2026-01-25T23:26:57.647Z,203,196
573,7,135,150,150,135,150,135,false,2025-11-08,KvK #7,KvK #7,2026-01-25T23:26:57.658Z,2026-01-25T23:26:57.658Z,203,200
577,7,136,164,136,164,136,164,false,2025-11-08,KvK #7,KvK #7,2026-01-25T23:26:57.668Z,2026-01-25T23:26:57.668Z,203,197
587,7,140,149,140,140,140,149,true,2025-11-08,KvK #7,KvK #7,2026-01-25T23:26:57.692Z,2026-01-25T23:26:57.692Z,202,201
594,7,142,162,162,162,162,142,true,2025-11-08,KvK #7,KvK #7,2026-01-25T23:26:57.709Z,2026-01-25T23:26:57.709Z,202,198
596,7,143,170,143,143,143,170,true,2025-11-08,KvK #7,KvK #7,2026-01-25T23:26:57.714Z,2026-01-25T23:26:57.714Z,202,195
599,7,144,169,169,169,169,144,true,2025-11-08,KvK #7,KvK #7,2026-01-25T23:26:57.721Z,2026-01-25T23:26:57.721Z,202,196
608,7,147,152,152,152,152,147,true,2025-11-08,KvK #7,KvK #7,2026-01-25T23:26:57.743Z,2026-01-25T23:26:57.743Z,201,200
611,7,148,174,174,148,174,148,false,2025-11-08,KvK #7,KvK #7,2026-01-25T23:26:57.751Z,2026-01-25T23:26:57.751Z,201,195
622,7,151,154,154,151,154,151,false,2025-11-08,KvK #7,KvK #7,2026-01-25T23:26:57.782Z,2026-01-25T23:26:57.782Z,200,200
626,7,153,166,166,153,166,153,false,2025-11-08,KvK #7,KvK #7,2026-01-25T23:26:57.793Z,2026-01-25T23:26:57.793Z,200,196
632,7,155,159,155,159,155,159,false,2025-11-08,KvK #7,KvK #7,2026-01-25T23:26:57.811Z,2026-01-25T23:26:57.811Z,199,198
637,7,157,160,160,157,160,157,false,2025-11-08,KvK #7,KvK #7,2026-01-25T23:26:57.825Z,2026-01-25T23:26:57.825Z,199,198
639,7,158,163,163,163,163,158,true,2025-11-08,KvK #7,KvK #7,2026-01-25T23:26:57.830Z,2026-01-25T23:26:57.830Z,199,197
646,7,161,168,161,161,161,168,true,2025-11-08,KvK #7,KvK #7,2026-01-25T23:26:57.850Z,2026-01-25T23:26:57.850Z,198,196
665,7,171,172,171,172,171,172,false,2025-11-08,KvK #7,KvK #7,2026-01-25T23:26:57.900Z,2026-01-25T23:26:57.900Z,195,195
673,7,176,178,176,176,176,178,true,2025-11-08,KvK #7,KvK #7,2026-01-25T23:26:57.920Z,2026-01-25T23:26:57.920Z,194,194
679,7,177,196,196,177,196,177,false,2025-11-08,KvK #7,KvK #7,2026-01-25T23:26:57.936Z,2026-01-25T23:26:57.936Z,194,190
687,7,179,202,202,202,202,179,true,2025-11-08,KvK #7,KvK #7,2026-01-25T23:26:57.957Z,2026-01-25T23:26:57.957Z,194,188
694,7,180,198,180,180,180,198,true,2025-11-08,KvK #7,KvK #7,2026-01-25T23:26:57.990Z,2026-01-25T23:26:57.990Z,193,188
699,7,181,187,187,187,187,181,true,2025-11-08,KvK #7,KvK #7,2026-01-25T23:26:58.003Z,2026-01-25T23:26:58.003Z,193,192
705,7,182,186,182,182,182,186,true,2025-11-08,KvK #7,KvK #7,2026-01-25T23:26:58.018Z,2026-01-25T23:26:58.018Z,193,192
710,7,183,195,183,195,183,195,false,2025-11-08,KvK #7,KvK #7,2026-01-25T23:26:58.032Z,2026-01-25T23:26:58.032Z,193,190
715,7,184,185,184,184,184,185,true,2025-11-08,KvK #7,KvK #7,2026-01-25T23:26:58.047Z,2026-01-25T23:26:58.047Z,191,191
734,7,188,189,188,189,188,189,false,2025-11-08,KvK #7,KvK #7,2026-01-25T23:26:58.098Z,2026-01-25T23:26:58.098Z,191,191
745,7,190,203,203,190,203,190,false,2025-11-08,KvK #7,KvK #7,2026-01-25T23:26:58.126Z,2026-01-25T23:26:58.126Z,191,188
748,7,191,205,205,191,205,191,false,2025-11-08,KvK #7,KvK #7,2026-01-25T23:26:58.133Z,2026-01-25T23:26:58.133Z,191,188
752,7,192,215,215,192,215,192,false,2025-11-08,KvK #7,KvK #7,2026-01-25T23:26:58.143Z,2026-01-25T23:26:58.143Z,190,186
757,7,193,214,193,214,193,214,false,2025-11-08,KvK #7,KvK #7,2026-01-25T23:26:58.157Z,2026-01-25T23:26:58.157Z,190,186
760,7,194,228,228,228,228,194,true,2025-11-08,KvK #7,KvK #7,2026-01-25T23:26:58.166Z,2026-01-25T23:26:58.166Z,190,182
773,7,197,201,201,197,201,197,false,2025-11-08,KvK #7,KvK #7,2026-01-25T23:26:58.207Z,2026-01-25T23:26:58.207Z,189,188
779,7,199,212,199,199,199,212,true,2025-11-08,KvK #7,KvK #7,2026-01-25T23:26:58.225Z,2026-01-25T23:26:58.225Z,189,186
782,7,200,221,200,221,200,221,false,2025-11-08,KvK #7,KvK #7,2026-01-25T23:26:58.234Z,2026-01-25T23:26:58.234Z,188,184
793,7,204,211,211,211,211,204,true,2025-11-08,KvK #7,KvK #7,2026-01-25T23:26:58.264Z,2026-01-25T23:26:58.264Z,188,185
799,7,206,230,230,230,230,206,true,2025-11-08,KvK #7,KvK #7,2026-01-25T23:26:58.279Z,2026-01-25T23:26:58.279Z,187,182
804,7,207,217,217,207,217,207,false,2025-11-08,KvK #7,KvK #7,2026-01-25T23:26:58.292Z,2026-01-25T23:26:58.292Z,187,185
806,7,208,219,219,219,219,208,true,2025-11-08,KvK #7,KvK #7,2026-01-25T23:26:58.297Z,2026-01-25T23:26:58.297Z,187,183
810,7,209,213,213,213,213,209,true,2025-11-08,KvK #7,KvK #7,2026-01-25T23:26:58.310Z,2026-01-25T23:26:58.310Z,187,186
815,7,210,226,210,226,210,226,false,2025-11-08,KvK #7,KvK #7,2026-01-25T23:26:58.325Z,2026-01-25T23:26:58.325Z,187,181
832,7,216,224,216,224,216,224,false,2025-11-08,KvK #7,KvK #7,2026-01-25T23:26:58.366Z,2026-01-25T23:26:58.366Z,185,183
837,7,218,223,223,218,223,218,false,2025-11-08,KvK #7,KvK #7,2026-01-25T23:26:58.377Z,2026-01-25T23:26:58.377Z,185,183
842,7,220,234,234,234,234,220,true,2025-11-08,KvK #7,KvK #7,2026-01-25T23:26:58.390Z,2026-01-25T23:26:58.390Z,184,181
848,7,222,227,222,222,222,227,true,2025-11-08,KvK #7,KvK #7,2026-01-25T23:26:58.404Z,2026-01-25T23:26:58.404Z,183,182
858,7,225,233,225,233,225,233,false,2025-11-08,KvK #7,KvK #7,2026-01-25T23:26:58.432Z,2026-01-25T23:26:58.432Z,183,181
870,7,229,235,235,229,235,229,false,2025-11-08,KvK #7,KvK #7,2026-01-25T23:26:58.463Z,2026-01-25T23:26:58.463Z,182,181
873,7,231,232,231,231,231,232,true,2025-11-08,KvK #7,KvK #7,2026-01-25T23:26:58.472Z,2026-01-25T23:26:58.472Z,182,181
879,7,236,244,236,236,236,244,true,2025-11-08,KvK #7,KvK #7,2026-01-25T23:26:58.488Z,2026-01-25T23:26:58.488Z,180,178
884,7,237,264,264,264,264,237,true,2025-11-08,KvK #7,KvK #7,2026-01-25T23:26:58.501Z,2026-01-25T23:26:58.501Z,179,174
889,7,238,260,238,260,238,260,false,2025-11-08,KvK #7,KvK #7,2026-01-25T23:26:58.513Z,2026-01-25T23:26:58.513Z,180,175
893,7,239,242,242,239,242,239,false,2025-11-08,KvK #7,KvK #7,2026-01-25T23:26:58.524Z,2026-01-25T23:26:58.524Z,180,179
895,7,240,308,240,240,240,308,true,2025-11-08,KvK #7,KvK #7,2026-01-25T23:26:58.530Z,2026-01-25T23:26:58.530Z,179,167
900,7,241,252,252,252,252,241,true,2025-11-08,KvK #7,KvK #7,2026-01-25T23:26:58.543Z,2026-01-25T23:26:58.543Z,179,177
907,7,243,250,250,243,250,243,false,2025-11-08,KvK #7,KvK #7,2026-01-25T23:26:58.563Z,2026-01-25T23:26:58.563Z,178,177
915,7,245,275,275,275,275,245,true,2025-11-08,KvK #7,KvK #7,2026-01-25T23:26:58.586Z,2026-01-25T23:26:58.586Z,178,172
921,7,246,269,246,269,246,269,false,2025-11-08,KvK #7,KvK #7,2026-01-25T23:26:58.602Z,2026-01-25T23:26:58.602Z,178,173
926,7,247,276,276,276,276,247,true,2025-11-08,KvK #7,KvK #7,2026-01-25T23:26:58.615Z,2026-01-25T23:26:58.615Z,178,172
928,7,248,263,248,263,248,263,false,2025-11-08,KvK #7,KvK #7,2026-01-25T23:26:58.620Z,2026-01-25T23:26:58.620Z,178,174
932,7,249,261,261,261,261,249,true,2025-11-08,KvK #7,KvK #7,2026-01-25T23:26:58.631Z,2026-01-25T23:26:58.631Z,177,175
938,7,251,270,270,270,270,251,true,2025-11-08,KvK #7,KvK #7,2026-01-25T23:26:58.648Z,2026-01-25T23:26:58.648Z,177,173
946,7,253,301,301,301,301,253,true,2025-11-08,KvK #7,KvK #7,2026-01-25T23:26:58.673Z,2026-01-25T23:26:58.673Z,177,168
949,7,254,302,254,302,254,302,false,2025-11-08,KvK #7,KvK #7,2026-01-25T23:26:58.682Z,2026-01-25T23:26:58.682Z,176,167
955,7,255,267,267,255,267,255,false,2025-11-08,KvK #7,KvK #7,2026-01-25T23:26:58.700Z,2026-01-25T23:26:58.700Z,176,174
959,7,256,280,256,256,256,280,true,2025-11-08,KvK #7,KvK #7,2026-01-25T23:26:58.712Z,2026-01-25T23:26:58.712Z,176,171
964,7,257,258,257,258,257,258,false,2025-11-08,KvK #7,KvK #7,2026-01-25T23:26:58.725Z,2026-01-25T23:26:58.725Z,176,175
971,7,259,268,259,268,259,268,false,2025-11-08,KvK #7,KvK #7,2026-01-25T23:26:58.743Z,2026-01-25T23:26:58.743Z,175,174
980,7,262,292,262,262,262,292,true,2025-11-08,KvK #7,KvK #7,2026-01-25T23:26:58.765Z,2026-01-25T23:26:58.765Z,174,169
988,7,265,266,265,265,265,266,true,2025-11-08,KvK #7,KvK #7,2026-01-25T23:26:58.786Z,2026-01-25T23:26:58.786Z,174,174
1002,7,271,282,271,271,271,282,true,2025-11-08,KvK #7,KvK #7,2026-01-25T23:26:58.828Z,2026-01-25T23:26:58.828Z,173,171
1003,7,272,288,272,272,272,288,true,2025-11-08,KvK #7,KvK #7,2026-01-25T23:26:58.831Z,2026-01-25T23:26:58.831Z,173,170
1007,7,273,283,273,273,273,283,true,2025-11-08,KvK #7,KvK #7,2026-01-25T23:26:58.841Z,2026-01-25T23:26:58.841Z,173,171
1011,7,274,285,274,274,274,285,true,2025-11-08,KvK #7,KvK #7,2026-01-25T23:26:58.852Z,2026-01-25T23:26:58.852Z,172,170
1020,7,277,299,277,299,277,299,false,2025-11-08,KvK #7,KvK #7,2026-01-25T23:26:58.874Z,2026-01-25T23:26:58.874Z,172,168
1023,7,278,281,278,278,278,281,true,2025-11-08,KvK #7,KvK #7,2026-01-25T23:26:58.881Z,2026-01-25T23:26:58.881Z,172,171
1028,7,279,286,286,286,286,279,true,2025-11-08,KvK #7,KvK #7,2026-01-25T23:26:58.894Z,2026-01-25T23:26:58.894Z,171,170
1040,7,284,303,303,303,303,284,true,2025-11-08,KvK #7,KvK #7,2026-01-25T23:26:58.923Z,2026-01-25T23:26:58.923Z,170,167
1049,7,287,298,298,287,298,287,false,2025-11-08,KvK #7,KvK #7,2026-01-25T23:26:58.945Z,2026-01-25T23:26:58.945Z,170,168
1055,7,289,294,294,294,294,289,true,2025-11-08,KvK #7,KvK #7,2026-01-25T23:26:58.959Z,2026-01-25T23:26:58.959Z,169,169
1057,7,290,300,290,300,290,300,false,2025-11-08,KvK #7,KvK #7,2026-01-25T23:26:58.964Z,2026-01-25T23:26:58.964Z,169,168
1060,7,291,293,293,293,293,291,true,2025-11-08,KvK #7,KvK #7,2026-01-25T23:26:58.971Z,2026-01-25T23:26:58.971Z,169,169
1067,7,295,309,309,309,309,295,true,2025-11-08,KvK #7,KvK #7,2026-01-25T23:26:58.991Z,2026-01-25T23:26:58.991Z,168,167
1070,7,296,304,304,296,304,296,false,2025-11-08,KvK #7,KvK #7,2026-01-25T23:26:59.004Z,2026-01-25T23:26:59.004Z,168,167
1072,7,297,306,297,297,297,306,true,2025-11-08,KvK #7,KvK #7,2026-01-25T23:26:59.009Z,2026-01-25T23:26:59.009Z,167,167
1085,7,305,307,307,307,307,305,true,2025-11-08,KvK #7,KvK #7,2026-01-25T23:26:59.043Z,2026-01-25T23:26:59.043Z,167,166
1096,7,310,313,313,313,313,310,true,2025-11-08,KvK #7,KvK #7,2026-01-25T23:26:59.070Z,2026-01-25T23:26:59.070Z,166,166
1101,7,311,344,311,311,311,344,true,2025-11-08,KvK #7,KvK #7,2026-01-25T23:26:59.082Z,2026-01-25T23:26:59.082Z,166,162
1105,7,312,332,312,332,312,332,false,2025-11-08,KvK #7,KvK #7,2026-01-25T23:26:59.091Z,2026-01-25T23:26:59.091Z,166,164
1112,7,314,326,326,314,326,314,false,2025-11-08,KvK #7,KvK #7,2026-01-25T23:26:59.111Z,2026-01-25T23:26:59.111Z,166,164
1115,7,315,321,321,321,321,315,true,2025-11-08,KvK #7,KvK #7,2026-01-25T23:26:59.119Z,2026-01-25T23:26:59.119Z,166,165
1120,7,316,376,376,376,376,316,true,2025-11-08,KvK #7,KvK #7,2026-01-25T23:26:59.132Z,2026-01-25T23:26:59.132Z,166,158
1125,7,317,339,339,339,339,317,true,2025-11-08,KvK #7,KvK #7,2026-01-25T23:26:59.144Z,2026-01-25T23:26:59.144Z,166,163
1130,7,318,363,363,363,363,318,true,2025-11-08,KvK #7,KvK #7,2026-01-25T23:26:59.157Z,2026-01-25T23:26:59.157Z,165,160
1135,7,319,335,335,335,335,319,true,2025-11-08,KvK #7,KvK #7,2026-01-25T23:26:59.171Z,2026-01-25T23:26:59.171Z,165,163
1140,7,320,328,328,328,328,320,true,2025-11-08,KvK #7,KvK #7,2026-01-25T23:26:59.184Z,2026-01-25T23:26:59.184Z,165,164
1148,7,322,334,334,334,334,322,true,2025-11-08,KvK #7,KvK #7,2026-01-25T23:26:59.207Z,2026-01-25T23:26:59.207Z,165,163
1153,7,323,346,323,323,323,346,true,2025-11-08,KvK #7,KvK #7,2026-01-25T23:26:59.222Z,2026-01-25T23:26:59.222Z,165,162
1159,7,324,359,359,324,359,324,false,2025-11-08,KvK #7,KvK #7,2026-01-25T23:26:59.239Z,2026-01-25T23:26:59.239Z,165,160
1164,7,325,371,325,325,325,371,true,2025-11-08,KvK #7,KvK #7,2026-01-25T23:26:59.252Z,2026-01-25T23:26:59.252Z,164,158
1171,7,327,370,327,370,327,370,false,2025-11-08,KvK #7,KvK #7,2026-01-25T23:26:59.271Z,2026-01-25T23:26:59.271Z,164,159
1179,7,329,348,348,348,348,329,true,2025-11-08,KvK #7,KvK #7,2026-01-25T23:26:59.298Z,2026-01-25T23:26:59.298Z,164,161
1182,7,330,372,330,330,330,372,true,2025-11-08,KvK #7,KvK #7,2026-01-25T23:26:59.307Z,2026-01-25T23:26:59.307Z,164,158
1185,7,331,347,347,331,347,331,false,2025-11-08,KvK #7,KvK #7,2026-01-25T23:26:59.317Z,2026-01-25T23:26:59.317Z,164,162
1192,7,333,350,350,350,350,333,true,2025-11-08,KvK #7,KvK #7,2026-01-25T23:26:59.337Z,2026-01-25T23:26:59.337Z,163,161
1200,7,336,365,365,336,365,336,false,2025-11-08,KvK #7,KvK #7,2026-01-25T23:26:59.359Z,2026-01-25T23:26:59.359Z,163,160
1205,7,337,353,337,353,337,353,false,2025-11-08,KvK #7,KvK #7,2026-01-25T23:26:59.373Z,2026-01-25T23:26:59.373Z,163,161
1209,7,338,343,338,338,338,343,true,2025-11-08,KvK #7,KvK #7,2026-01-25T23:26:59.384Z,2026-01-25T23:26:59.384Z,163,162
1216,7,340,382,340,382,340,382,false,2025-11-08,KvK #7,KvK #7,2026-01-25T23:26:59.403Z,2026-01-25T23:26:59.403Z,162,157
1219,7,341,389,389,341,389,341,false,2025-11-08,KvK #7,KvK #7,2026-01-25T23:26:59.411Z,2026-01-25T23:26:59.411Z,162,156
1223,7,342,414,414,414,414,342,true,2025-11-08,KvK #7,KvK #7,2026-01-25T23:26:59.421Z,2026-01-25T23:26:59.421Z,162,153
1232,7,345,392,345,345,345,392,true,2025-11-08,KvK #7,KvK #7,2026-01-25T23:26:59.446Z,2026-01-25T23:26:59.446Z,162,156
1244,7,349,362,362,349,362,349,false,2025-11-08,KvK #7,KvK #7,2026-01-25T23:26:59.476Z,2026-01-25T23:26:59.476Z,161,160
1250,7,351,356,356,351,356,351,false,2025-11-08,KvK #7,KvK #7,2026-01-25T23:26:59.491Z,2026-01-25T23:26:59.491Z,161,160
1253,7,352,380,380,380,380,352,true,2025-11-08,KvK #7,KvK #7,2026-01-25T23:26:59.499Z,2026-01-25T23:26:59.499Z,161,157
1257,7,354,406,354,354,354,406,true,2025-11-08,KvK #7,KvK #7,2026-01-25T23:26:59.508Z,2026-01-25T23:26:59.508Z,161,154
1259,7,355,384,384,355,384,355,false,2025-11-08,KvK #7,KvK #7,2026-01-25T23:26:59.513Z,2026-01-25T23:26:59.513Z,161,157
1263,7,357,358,358,358,358,357,true,2025-11-08,KvK #7,KvK #7,2026-01-25T23:26:59.523Z,2026-01-25T23:26:59.523Z,160,160
1269,7,360,375,375,360,375,360,false,2025-11-08,KvK #7,KvK #7,2026-01-25T23:26:59.537Z,2026-01-25T23:26:59.537Z,160,158
1271,7,361,366,366,361,366,361,false,2025-11-08,KvK #7,KvK #7,2026-01-25T23:26:59.542Z,2026-01-25T23:26:59.542Z,160,159
1277,7,364,401,401,401,401,364,true,2025-11-08,KvK #7,KvK #7,2026-01-25T23:26:59.559Z,2026-01-25T23:26:59.559Z,160,155
1286,7,367,397,397,397,397,367,true,2025-11-08,KvK #7,KvK #7,2026-01-25T23:26:59.583Z,2026-01-25T23:26:59.583Z,159,155
1289,7,368,386,368,368,368,386,true,2025-11-08,KvK #7,KvK #7,2026-01-25T23:26:59.592Z,2026-01-25T23:26:59.592Z,159,157
1293,7,369,395,395,395,395,369,true,2025-11-08,KvK #7,KvK #7,2026-01-25T23:26:59.603Z,2026-01-25T23:26:59.603Z,159,155
1305,7,373,377,373,373,373,377,true,2025-11-08,KvK #7,KvK #7,2026-01-25T23:26:59.637Z,2026-01-25T23:26:59.637Z,158,158
1308,7,374,394,374,374,374,394,true,2025-11-08,KvK #7,KvK #7,2026-01-25T23:26:59.646Z,2026-01-25T23:26:59.646Z,158,155
1317,7,378,391,391,391,391,378,true,2025-11-08,KvK #7,KvK #7,2026-01-25T23:26:59.674Z,2026-01-25T23:26:59.674Z,158,156
1321,7,379,403,403,379,403,379,false,2025-11-08,KvK #7,KvK #7,2026-01-25T23:26:59.685Z,2026-01-25T23:26:59.685Z,158,154
1326,7,381,388,388,381,388,381,false,2025-11-08,KvK #7,KvK #7,2026-01-25T23:26:59.698Z,2026-01-25T23:26:59.698Z,156,156
1332,7,383,400,383,383,383,400,true,2025-11-08,KvK #7,KvK #7,2026-01-25T23:26:59.714Z,2026-01-25T23:26:59.714Z,157,155
1338,7,385,417,417,417,417,385,true,2025-11-08,KvK #7,KvK #7,2026-01-25T23:26:59.731Z,2026-01-25T23:26:59.731Z,157,153
1344,7,387,402,402,387,402,387,false,2025-11-08,KvK #7,KvK #7,2026-01-25T23:26:59.748Z,2026-01-25T23:26:59.748Z,156,154
1348,7,390,415,390,390,390,415,true,2025-11-08,KvK #7,KvK #7,2026-01-25T23:26:59.760Z,2026-01-25T23:26:59.760Z,156,152
1353,7,393,411,393,393,393,411,true,2025-11-08,KvK #7,KvK #7,2026-01-25T23:26:59.774Z,2026-01-25T23:26:59.774Z,156,153
1358,7,396,413,396,413,396,413,false,2025-11-08,KvK #7,KvK #7,2026-01-25T23:26:59.788Z,2026-01-25T23:26:59.788Z,155,153
1361,7,398,399,398,398,398,399,true,2025-11-08,KvK #7,KvK #7,2026-01-25T23:26:59.798Z,2026-01-25T23:26:59.798Z,155,155
1366,7,404,410,410,404,410,404,false,2025-11-08,KvK #7,KvK #7,2026-01-25T23:26:59.816Z,2026-01-25T23:26:59.816Z,154,153
1367,7,405,416,416,405,416,405,false,2025-11-08,KvK #7,KvK #7,2026-01-25T23:26:59.819Z,2026-01-25T23:26:59.819Z,153,153
1370,7,407,409,407,407,407,409,true,2025-11-08,KvK #7,KvK #7,2026-01-25T23:26:59.829Z,2026-01-25T23:26:59.829Z,154,153
1373,7,408,412,412,412,412,408,true,2025-11-08,KvK #7,KvK #7,2026-01-25T23:26:59.837Z,2026-01-25T23:26:59.837Z,154,153
1382,7,418,429,429,429,429,418,true,2025-11-08,KvK #7,KvK #7,2026-01-25T23:26:59.862Z,2026-01-25T23:26:59.862Z,152,151
1387,7,419,422,419,419,419,422,true,2025-11-08,KvK #7,KvK #7,2026-01-25T23:26:59.875Z,2026-01-25T23:26:59.875Z,152,152
1391,7,420,421,421,420,421,420,false,2025-11-08,KvK #7,KvK #7,2026-01-25T23:26:59.886Z,2026-01-25T23:26:59.886Z,151,152
1402,7,423,453,453,423,453,423,false,2025-11-08,KvK #7,KvK #7,2026-01-25T23:26:59.918Z,2026-01-25T23:26:59.918Z,152,147
1406,7,424,446,424,446,424,446,false,2025-11-08,KvK #7,KvK #7,2026-01-25T23:26:59.931Z,2026-01-25T23:26:59.931Z,152,148
1410,7,425,439,425,425,425,439,true,2025-11-08,KvK #7,KvK #7,2026-01-25T23:26:59.943Z,2026-01-25T23:26:59.943Z,151,149
1413,7,426,459,459,459,459,426,true,2025-11-08,KvK #7,KvK #7,2026-01-25T23:26:59.952Z,2026-01-25T23:26:59.952Z,151,146
1417,7,427,440,427,427,427,440,true,2025-11-08,KvK #7,KvK #7,2026-01-25T23:26:59.963Z,2026-01-25T23:26:59.963Z,151,149
1421,7,428,454,454,428,454,428,false,2025-11-08,KvK #7,KvK #7,2026-01-25T23:26:59.973Z,2026-01-25T23:26:59.973Z,151,147
1428,7,430,447,447,430,447,430,false,2025-11-08,KvK #7,KvK #7,2026-01-25T23:26:59.991Z,2026-01-25T23:26:59.991Z,151,148
1432,7,431,451,451,451,451,431,true,2025-11-08,KvK #7,KvK #7,2026-01-25T23:27:00.003Z,2026-01-25T23:27:00.003Z,150,147
1436,7,432,448,448,448,448,432,true,2025-11-08,KvK #7,KvK #7,2026-01-25T23:27:00.017Z,2026-01-25T23:27:00.017Z,150,148
1441,7,433,450,450,450,450,433,true,2025-11-08,KvK #7,KvK #7,2026-01-25T23:27:00.034Z,2026-01-25T23:27:00.034Z,150,147
1443,7,434,444,444,434,444,434,false,2025-11-08,KvK #7,KvK #7,2026-01-25T23:27:00.039Z,2026-01-25T23:27:00.039Z,150,148
1447,7,435,441,435,435,435,441,true,2025-11-08,KvK #7,KvK #7,2026-01-25T23:27:00.050Z,2026-01-25T23:27:00.050Z,150,149
1450,7,436,442,436,436,436,442,true,2025-11-08,KvK #7,KvK #7,2026-01-25T23:27:00.058Z,2026-01-25T23:27:00.058Z,150,148
1453,7,437,443,443,443,443,437,true,2025-11-08,KvK #7,KvK #7,2026-01-25T23:27:00.068Z,2026-01-25T23:27:00.068Z,150,148
1456,7,438,456,438,456,438,456,false,2025-11-08,KvK #7,KvK #7,2026-01-25T23:27:00.076Z,2026-01-25T23:27:00.076Z,149,147
1472,7,445,461,461,445,461,445,false,2025-11-08,KvK #7,KvK #7,2026-01-25T23:27:00.123Z,2026-01-25T23:27:00.123Z,148,146
1482,7,449,463,463,449,463,449,false,2025-11-08,KvK #7,KvK #7,2026-01-25T23:27:00.150Z,2026-01-25T23:27:00.150Z,147,146
1490,7,452,460,460,460,460,452,true,2025-11-08,KvK #7,KvK #7,2026-01-25T23:27:00.171Z,2026-01-25T23:27:00.171Z,146,146
1498,7,455,457,455,455,455,457,true,2025-11-08,KvK #7,KvK #7,2026-01-25T23:27:00.191Z,2026-01-25T23:27:00.191Z,147,146
1503,7,458,462,462,462,462,458,true,2025-11-08,KvK #7,KvK #7,2026-01-25T23:27:00.204Z,2026-01-25T23:27:00.204Z,146,146
1513,7,464,503,464,464,464,503,true,2025-11-08,KvK #7,KvK #7,2026-01-25T23:27:00.232Z,2026-01-25T23:27:00.232Z,144,139
1518,7,465,491,465,491,465,491,false,2025-11-08,KvK #7,KvK #7,2026-01-25T23:27:00.246Z,2026-01-25T23:27:00.246Z,145,141
1522,7,466,467,466,467,466,467,false,2025-11-08,KvK #7,KvK #7,2026-01-25T23:27:00.256Z,2026-01-25T23:27:00.256Z,145,145
1528,7,468,500,468,468,468,500,true,2025-11-08,KvK #7,KvK #7,2026-01-25T23:27:00.270Z,2026-01-25T23:27:00.270Z,144,138
1531,7,469,496,496,469,496,469,false,2025-11-08,KvK #7,KvK #7,2026-01-25T23:27:00.277Z,2026-01-25T23:27:00.277Z,143,140
1534,7,470,472,470,470,470,472,true,2025-11-08,KvK #7,KvK #7,2026-01-25T23:27:00.284Z,2026-01-25T23:27:00.284Z,144,144
1537,7,471,489,471,489,471,489,false,2025-11-08,KvK #7,KvK #7,2026-01-25T23:27:00.292Z,2026-01-25T23:27:00.292Z,143,141
1541,7,473,481,481,481,481,473,true,2025-11-08,KvK #7,KvK #7,2026-01-25T23:27:00.304Z,2026-01-25T23:27:00.304Z,144,142
1542,7,474,478,478,474,478,474,false,2025-11-08,KvK #7,KvK #7,2026-01-25T23:27:00.308Z,2026-01-25T23:27:00.308Z,144,143
1545,7,475,488,475,488,475,488,false,2025-11-08,KvK #7,KvK #7,2026-01-25T23:27:00.316Z,2026-01-25T23:27:00.316Z,142,141
1548,7,476,505,505,505,505,476,true,2025-11-08,KvK #7,KvK #7,2026-01-25T23:27:00.325Z,2026-01-25T23:27:00.325Z,143,139
1550,7,477,486,477,486,477,486,false,2025-11-08,KvK #7,KvK #7,2026-01-25T23:27:00.330Z,2026-01-25T23:27:00.330Z,142,142
1557,7,479,493,479,479,479,493,true,2025-11-08,KvK #7,KvK #7,2026-01-25T23:27:00.348Z,2026-01-25T23:27:00.348Z,143,140
1561,7,480,484,484,484,484,480,true,2025-11-08,KvK #7,KvK #7,2026-01-25T23:27:00.358Z,2026-01-25T23:27:00.358Z,143,142
1564,7,482,501,482,482,482,501,true,2025-11-08,KvK #7,KvK #7,2026-01-25T23:27:00.365Z,2026-01-25T23:27:00.365Z,142,139
1567,7,483,485,483,485,483,485,false,2025-11-08,KvK #7,KvK #7,2026-01-25T23:27:00.372Z,2026-01-25T23:27:00.372Z,142,142
1577,7,487,492,487,487,487,492,true,2025-11-08,KvK #7,KvK #7,2026-01-25T23:27:00.397Z,2026-01-25T23:27:00.397Z,140,140
1584,7,490,499,490,499,490,499,false,2025-11-08,KvK #7,KvK #7,2026-01-25T23:27:00.416Z,2026-01-25T23:27:00.416Z,141,139
1588,7,494,497,497,494,497,494,false,2025-11-08,KvK #7,KvK #7,2026-01-25T23:27:00.427Z,2026-01-25T23:27:00.427Z,140,140
1590,7,495,498,498,498,498,495,true,2025-11-08,KvK #7,KvK #7,2026-01-25T23:27:00.432Z,2026-01-25T23:27:00.432Z,139,140
1594,7,502,504,502,502,502,504,true,2025-11-08,KvK #7,KvK #7,2026-01-25T23:27:00.443Z,2026-01-25T23:27:00.443Z,139,139
1597,7,506,534,534,534,534,506,true,2025-11-08,KvK #7,KvK #7,2026-01-25T23:27:00.450Z,2026-01-25T23:27:00.450Z,137,133
1602,7,507,538,538,507,538,507,false,2025-11-08,KvK #7,KvK #7,2026-01-25T23:27:00.463Z,2026-01-25T23:27:00.463Z,137,133
1607,7,508,536,536,536,536,508,true,2025-11-08,KvK #7,KvK #7,2026-01-25T23:27:00.475Z,2026-01-25T23:27:00.475Z,138,133
1612,7,509,512,509,512,509,512,false,2025-11-08,KvK #7,KvK #7,2026-01-25T23:27:00.492Z,2026-01-25T23:27:00.492Z,138,137
1617,7,510,537,510,510,510,537,true,2025-11-08,KvK #7,KvK #7,2026-01-25T23:27:00.507Z,2026-01-25T23:27:00.507Z,138,133
1622,7,511,530,530,530,530,511,true,2025-11-08,KvK #7,KvK #7,2026-01-25T23:27:00.521Z,2026-01-25T23:27:00.521Z,138,134
1629,7,513,544,544,513,544,513,false,2025-11-08,KvK #7,KvK #7,2026-01-25T23:27:00.539Z,2026-01-25T23:27:00.539Z,137,131
1634,7,514,539,514,539,514,539,false,2025-11-08,KvK #7,KvK #7,2026-01-25T23:27:00.551Z,2026-01-25T23:27:00.551Z,137,133
1638,7,515,541,541,541,541,515,true,2025-11-08,KvK #7,KvK #7,2026-01-25T23:27:00.561Z,2026-01-25T23:27:00.561Z,137,132
1642,7,516,528,516,528,516,528,false,2025-11-08,KvK #7,KvK #7,2026-01-25T23:27:00.571Z,2026-01-25T23:27:00.571Z,137,134
1645,7,517,518,517,518,517,518,false,2025-11-08,KvK #7,KvK #7,2026-01-25T23:27:00.578Z,2026-01-25T23:27:00.578Z,136,136
1651,7,519,535,535,535,535,519,true,2025-11-08,KvK #7,KvK #7,2026-01-25T23:27:00.597Z,2026-01-25T23:27:00.597Z,135,133
1655,7,520,526,526,526,526,520,true,2025-11-08,KvK #7,KvK #7,2026-01-25T23:27:00.608Z,2026-01-25T23:27:00.608Z,136,135
1658,7,521,529,521,529,521,529,false,2025-11-08,KvK #7,KvK #7,2026-01-25T23:27:00.616Z,2026-01-25T23:27:00.616Z,136,134
1661,7,522,525,525,522,525,522,false,2025-11-08,KvK #7,KvK #7,2026-01-25T23:27:00.623Z,2026-01-25T23:27:00.623Z,136,135
1664,7,523,543,543,543,543,523,true,2025-11-08,KvK #7,KvK #7,2026-01-25T23:27:00.630Z,2026-01-25T23:27:00.630Z,135,132
1667,7,524,540,540,540,540,524,true,2025-11-08,KvK #7,KvK #7,2026-01-25T23:27:00.637Z,2026-01-25T23:27:00.637Z,135,131
1676,7,527,542,542,527,542,527,false,2025-11-08,KvK #7,KvK #7,2026-01-25T23:27:00.662Z,2026-01-25T23:27:00.662Z,134,132
1687,7,531,532,532,532,532,531,true,2025-11-08,KvK #7,KvK #7,2026-01-25T23:27:00.690Z,2026-01-25T23:27:00.690Z,134,134
1693,7,533,545,545,545,545,533,true,2025-11-08,KvK #7,KvK #7,2026-01-25T23:27:00.704Z,2026-01-25T23:27:00.704Z,133,132
1719,7,546,581,546,546,546,581,true,2025-11-08,KvK #7,KvK #7,2026-01-25T23:27:00.772Z,2026-01-25T23:27:00.772Z,131,125
1721,7,547,554,547,547,547,554,true,2025-11-08,KvK #7,KvK #7,2026-01-25T23:27:00.776Z,2026-01-25T23:27:00.776Z,131,130
1722,7,548,571,571,571,571,548,true,2025-11-08,KvK #7,KvK #7,2026-01-25T23:27:00.778Z,2026-01-25T23:27:00.778Z,131,127
1725,7,549,584,584,584,584,549,true,2025-11-08,KvK #7,KvK #7,2026-01-25T23:27:00.786Z,2026-01-25T23:27:00.786Z,131,125
1727,7,550,580,580,550,580,550,false,2025-11-08,KvK #7,KvK #7,2026-01-25T23:27:00.790Z,2026-01-25T23:27:00.790Z,131,126
1729,7,551,560,551,551,551,560,true,2025-11-08,KvK #7,KvK #7,2026-01-25T23:27:00.795Z,2026-01-25T23:27:00.795Z,131,128
1733,7,552,553,553,552,553,552,false,2025-11-08,KvK #7,KvK #7,2026-01-25T23:27:00.807Z,2026-01-25T23:27:00.807Z,130,130
1737,7,555,556,556,556,556,555,true,2025-11-08,KvK #7,KvK #7,2026-01-25T23:27:00.818Z,2026-01-25T23:27:00.818Z,130,130
1741,7,557,587,587,587,587,557,true,2025-11-08,KvK #7,KvK #7,2026-01-25T23:27:00.829Z,2026-01-25T23:27:00.829Z,130,125
1743,7,558,567,558,558,558,567,true,2025-11-08,KvK #7,KvK #7,2026-01-25T23:27:00.834Z,2026-01-25T23:27:00.834Z,129,128
1744,7,559,561,561,561,561,559,true,2025-11-08,KvK #7,KvK #7,2026-01-25T23:27:00.836Z,2026-01-25T23:27:00.836Z,128,129
1751,7,562,576,576,576,576,562,true,2025-11-08,KvK #7,KvK #7,2026-01-25T23:27:00.853Z,2026-01-25T23:27:00.853Z,129,126
1752,7,563,565,563,563,563,565,true,2025-11-08,KvK #7,KvK #7,2026-01-25T23:27:00.856Z,2026-01-25T23:27:00.856Z,128,128
1754,7,564,574,564,574,564,574,false,2025-11-08,KvK #7,KvK #7,2026-01-25T23:27:00.860Z,2026-01-25T23:27:00.860Z,127,126
1757,7,566,579,566,579,566,579,false,2025-11-08,KvK #7,KvK #7,2026-01-25T23:27:00.869Z,2026-01-25T23:27:00.869Z,128,126
1760,7,568,582,582,568,582,568,false,2025-11-08,KvK #7,KvK #7,2026-01-25T23:27:00.877Z,2026-01-25T23:27:00.877Z,127,125
1761,7,569,578,569,569,569,578,true,2025-11-08,KvK #7,KvK #7,2026-01-25T23:27:00.880Z,2026-01-25T23:27:00.880Z,127,126
1764,7,570,577,570,570,570,577,true,2025-11-08,KvK #7,KvK #7,2026-01-25T23:27:00.889Z,2026-01-25T23:27:00.889Z,127,126
1767,7,572,586,586,586,586,572,true,2025-11-08,KvK #7,KvK #7,2026-01-25T23:27:00.898Z,2026-01-25T23:27:00.898Z,127,125
1768,7,573,585,573,585,573,585,false,2025-11-08,KvK #7,KvK #7,2026-01-25T23:27:00.901Z,2026-01-25T23:27:00.901Z,127,125
1772,7,575,583,575,583,575,583,false,2025-11-08,KvK #7,KvK #7,2026-01-25T23:27:00.912Z,2026-01-25T23:27:00.912Z,126,125
1780,7,588,594,588,588,588,594,true,2025-11-08,KvK #7,KvK #7,2026-01-25T23:27:00.935Z,2026-01-25T23:27:00.935Z,124,123
1784,7,589,591,589,591,589,591,false,2025-11-08,KvK #7,KvK #7,2026-01-25T23:27:00.947Z,2026-01-25T23:27:00.947Z,124,124
1793,7,592,598,592,592,592,598,true,2025-11-08,KvK #7,KvK #7,2026-01-25T23:27:00.972Z,2026-01-25T23:27:00.972Z,124,123
1796,7,593,618,618,593,618,593,false,2025-11-08,KvK #7,KvK #7,2026-01-25T23:27:00.980Z,2026-01-25T23:27:00.980Z,124,119
1803,7,595,597,597,597,597,595,true,2025-11-08,KvK #7,KvK #7,2026-01-25T23:27:01.001Z,2026-01-25T23:27:01.001Z,123,123
1807,7,596,609,609,609,609,596,true,2025-11-08,KvK #7,KvK #7,2026-01-25T23:27:01.014Z,2026-01-25T23:27:01.014Z,123,121
1815,7,599,601,599,601,599,601,false,2025-11-08,KvK #7,KvK #7,2026-01-25T23:27:01.048Z,2026-01-25T23:27:01.048Z,123,122
1818,7,600,628,628,600,628,600,false,2025-11-08,KvK #7,KvK #7,2026-01-25T23:27:01.058Z,2026-01-25T23:27:01.058Z,122,118
1823,7,602,613,613,613,613,602,true,2025-11-08,KvK #7,KvK #7,2026-01-25T23:27:01.074Z,2026-01-25T23:27:01.074Z,122,120
1827,7,603,610,610,610,610,603,true,2025-11-08,KvK #7,KvK #7,2026-01-25T23:27:01.086Z,2026-01-25T23:27:01.086Z,122,121
1829,7,604,608,608,608,608,604,true,2025-11-08,KvK #7,KvK #7,2026-01-25T23:27:01.092Z,2026-01-25T23:27:01.092Z,122,121
1833,7,605,627,605,627,605,627,false,2025-11-08,KvK #7,KvK #7,2026-01-25T23:27:01.105Z,2026-01-25T23:27:01.105Z,122,118
1836,7,606,626,626,606,626,606,false,2025-11-08,KvK #7,KvK #7,2026-01-25T23:27:01.115Z,2026-01-25T23:27:01.115Z,120,118
1839,7,607,623,623,623,623,607,true,2025-11-08,KvK #7,KvK #7,2026-01-25T23:27:01.124Z,2026-01-25T23:27:01.124Z,121,118
1846,7,611,622,611,622,611,622,false,2025-11-08,KvK #7,KvK #7,2026-01-25T23:27:01.146Z,2026-01-25T23:27:01.146Z,119,119
1849,7,612,625,625,625,625,612,true,2025-11-08,KvK #7,KvK #7,2026-01-25T23:27:01.156Z,2026-01-25T23:27:01.156Z,120,118
1855,7,614,621,621,621,621,614,true,2025-11-08,KvK #7,KvK #7,2026-01-25T23:27:01.175Z,2026-01-25T23:27:01.175Z,120,119
1859,7,615,629,629,629,629,615,true,2025-11-08,KvK #7,KvK #7,2026-01-25T23:27:01.187Z,2026-01-25T23:27:01.187Z,120,118
1861,7,616,630,630,630,630,616,true,2025-11-08,KvK #7,KvK #7,2026-01-25T23:27:01.194Z,2026-01-25T23:27:01.194Z,118,118
1863,7,617,624,617,617,617,624,true,2025-11-08,KvK #7,KvK #7,2026-01-25T23:27:01.200Z,2026-01-25T23:27:01.200Z,119,118
1867,7,619,620,620,620,620,619,true,2025-11-08,KvK #7,KvK #7,2026-01-25T23:27:01.213Z,2026-01-25T23:27:01.213Z,118,119
1885,7,631,642,642,642,642,631,true,2025-11-08,KvK #7,KvK #7,2026-01-25T23:27:01.272Z,2026-01-25T23:27:01.272Z,116,116
1888,7,632,663,663,663,663,632,true,2025-11-08,KvK #7,KvK #7,2026-01-25T23:27:01.282Z,2026-01-25T23:27:01.282Z,117,112
1890,7,633,637,633,633,633,637,true,2025-11-08,KvK #7,KvK #7,2026-01-25T23:27:01.289Z,2026-01-25T23:27:01.289Z,116,117
1893,7,634,653,653,653,653,634,true,2025-11-08,KvK #7,KvK #7,2026-01-25T23:27:01.299Z,2026-01-25T23:27:01.299Z,117,114
1896,7,635,648,648,648,648,635,true,2025-11-08,KvK #7,KvK #7,2026-01-25T23:27:01.312Z,2026-01-25T23:27:01.312Z,117,115
1897,7,636,668,668,636,668,636,false,2025-11-08,KvK #7,KvK #7,2026-01-25T23:27:01.315Z,2026-01-25T23:27:01.315Z,117,111
1901,7,638,655,638,638,638,655,true,2025-11-08,KvK #7,KvK #7,2026-01-25T23:27:01.332Z,2026-01-25T23:27:01.332Z,116,114
1903,7,639,650,639,639,639,650,true,2025-11-08,KvK #7,KvK #7,2026-01-25T23:27:01.337Z,2026-01-25T23:27:01.337Z,116,114
1906,7,640,651,640,640,640,651,true,2025-11-08,KvK #7,KvK #7,2026-01-25T23:27:01.347Z,2026-01-25T23:27:01.347Z,116,114
1908,7,641,643,643,643,643,641,true,2025-11-08,KvK #7,KvK #7,2026-01-25T23:27:01.353Z,2026-01-25T23:27:01.353Z,116,116
1913,7,644,673,673,673,673,644,true,2025-11-08,KvK #7,KvK #7,2026-01-25T23:27:01.369Z,2026-01-25T23:27:01.369Z,115,111
1915,7,645,658,658,658,658,645,true,2025-11-08,KvK #7,KvK #7,2026-01-25T23:27:01.376Z,2026-01-25T23:27:01.376Z,115,113
1917,7,646,662,662,662,662,646,true,2025-11-08,KvK #7,KvK #7,2026-01-25T23:27:01.382Z,2026-01-25T23:27:01.382Z,115,112
1918,7,647,669,647,669,647,669,false,2025-11-08,KvK #7,KvK #7,2026-01-25T23:27:01.384Z,2026-01-25T23:27:01.384Z,115,111
1921,7,649,657,657,649,657,649,false,2025-11-08,KvK #7,KvK #7,2026-01-25T23:27:01.391Z,2026-01-25T23:27:01.391Z,114,112
1929,7,652,667,652,652,652,667,true,2025-11-08,KvK #7,KvK #7,2026-01-25T23:27:01.409Z,2026-01-25T23:27:01.409Z,114,111
1932,7,654,660,654,654,654,660,true,2025-11-08,KvK #7,KvK #7,2026-01-25T23:27:01.416Z,2026-01-25T23:27:01.416Z,114,113
1935,7,656,659,659,656,659,656,false,2025-11-08,KvK #7,KvK #7,2026-01-25T23:27:01.423Z,2026-01-25T23:27:01.423Z,113,113
1941,7,661,671,671,661,671,661,false,2025-11-08,KvK #7,KvK #7,2026-01-25T23:27:01.438Z,2026-01-25T23:27:01.438Z,112,111
1944,7,664,666,666,666,666,664,true,2025-11-08,KvK #7,KvK #7,2026-01-25T23:27:01.446Z,2026-01-25T23:27:01.446Z,112,112
1946,7,665,670,665,670,665,670,false,2025-11-08,KvK #7,KvK #7,2026-01-25T23:27:01.451Z,2026-01-25T23:27:01.451Z,112,111
1951,7,672,674,674,674,674,672,true,2025-11-08,KvK #7,KvK #7,2026-01-25T23:27:01.465Z,2026-01-25T23:27:01.465Z,111,111
1954,7,675,707,675,675,675,707,true,2025-11-08,KvK #7,KvK #7,2026-01-25T23:27:01.474Z,2026-01-25T23:27:01.474Z,110,105
1957,7,676,685,685,685,685,676,true,2025-11-08,KvK #7,KvK #7,2026-01-25T23:27:01.482Z,2026-01-25T23:27:01.482Z,109,109
1961,7,677,696,677,677,677,696,true,2025-11-08,KvK #7,KvK #7,2026-01-25T23:27:01.493Z,2026-01-25T23:27:01.493Z,110,106
1965,7,678,710,710,710,710,678,true,2025-11-08,KvK #7,KvK #7,2026-01-25T23:27:01.504Z,2026-01-25T23:27:01.504Z,110,105
1969,7,679,684,684,679,684,679,false,2025-11-08,KvK #7,KvK #7,2026-01-25T23:27:01.514Z,2026-01-25T23:27:01.514Z,110,109
1971,7,680,716,716,716,716,680,true,2025-11-08,KvK #7,KvK #7,2026-01-25T23:27:01.518Z,2026-01-25T23:27:01.518Z,110,104
1973,7,681,698,698,681,698,681,false,2025-11-08,KvK #7,KvK #7,2026-01-25T23:27:01.523Z,2026-01-25T23:27:01.523Z,110,107
1976,7,682,692,682,682,682,692,true,2025-11-08,KvK #7,KvK #7,2026-01-25T23:27:01.530Z,2026-01-25T23:27:01.530Z,108,108
1980,7,683,699,699,683,699,683,false,2025-11-08,KvK #7,KvK #7,2026-01-25T23:27:01.540Z,2026-01-25T23:27:01.540Z,109,107
1988,7,686,717,686,686,686,717,true,2025-11-08,KvK #7,KvK #7,2026-01-25T23:27:01.559Z,2026-01-25T23:27:01.559Z,109,104
1991,7,687,708,708,708,708,687,true,2025-11-08,KvK #7,KvK #7,2026-01-25T23:27:01.567Z,2026-01-25T23:27:01.567Z,108,104
1994,7,688,705,705,705,705,688,true,2025-11-08,KvK #7,KvK #7,2026-01-25T23:27:01.575Z,2026-01-25T23:27:01.575Z,107,104
1998,7,689,715,715,715,715,689,true,2025-11-08,KvK #7,KvK #7,2026-01-25T23:27:01.586Z,2026-01-25T23:27:01.586Z,108,104
2002,7,690,697,697,697,697,690,true,2025-11-08,KvK #7,KvK #7,2026-01-25T23:27:01.598Z,2026-01-25T23:27:01.598Z,108,107
2006,7,691,711,711,711,711,691,true,2025-11-08,KvK #7,KvK #7,2026-01-25T23:27:01.609Z,2026-01-25T23:27:01.609Z,108,104
2012,7,693,702,693,693,693,702,true,2025-11-08,KvK #7,KvK #7,2026-01-25T23:27:01.627Z,2026-01-25T23:27:01.627Z,107,106
2015,7,694,714,694,714,694,714,false,2025-11-08,KvK #7,KvK #7,2026-01-25T23:27:01.636Z,2026-01-25T23:27:01.636Z,107,104
2018,7,695,713,695,695,695,713,true,2025-11-08,KvK #7,KvK #7,2026-01-25T23:27:01.644Z,2026-01-25T23:27:01.644Z,107,104
2031,7,700,706,700,700,700,706,true,2025-11-08,KvK #7,KvK #7,2026-01-25T23:27:01.680Z,2026-01-25T23:27:01.680Z,105,104
2033,7,701,733,733,733,733,701,true,2025-11-08,KvK #7,KvK #7,2026-01-25T23:27:01.684Z,2026-01-25T23:27:01.684Z,106,101
2036,7,703,712,703,712,703,712,false,2025-11-08,KvK #7,KvK #7,2026-01-25T23:27:01.692Z,2026-01-25T23:27:01.692Z,106,103
2038,7,704,709,709,709,709,704,true,2025-11-08,KvK #7,KvK #7,2026-01-25T23:27:01.697Z,2026-01-25T23:27:01.697Z,105,105
2060,7,718,726,718,718,718,726,true,2025-11-08,KvK #7,KvK #7,2026-01-25T23:27:01.753Z,2026-01-25T23:27:01.753Z,103,102
2062,7,719,734,734,719,734,719,false,2025-11-08,KvK #7,KvK #7,2026-01-25T23:27:01.758Z,2026-01-25T23:27:01.758Z,103,101
2065,7,720,722,722,720,722,720,false,2025-11-08,KvK #7,KvK #7,2026-01-25T23:27:01.765Z,2026-01-25T23:27:01.765Z,103,103
2068,7,721,737,737,721,737,721,false,2025-11-08,KvK #7,KvK #7,2026-01-25T23:27:01.773Z,2026-01-25T23:27:01.773Z,103,100
2070,7,723,748,723,748,723,748,false,2025-11-08,KvK #7,KvK #7,2026-01-25T23:27:01.778Z,2026-01-25T23:27:01.778Z,102,98
2073,7,724,744,744,744,744,724,true,2025-11-08,KvK #7,KvK #7,2026-01-25T23:27:01.785Z,2026-01-25T23:27:01.785Z,102,99
2075,7,725,756,725,725,725,756,true,2025-11-08,KvK #7,KvK #7,2026-01-25T23:27:01.790Z,2026-01-25T23:27:01.790Z,102,97
2076,7,727,745,727,727,727,745,true,2025-11-08,KvK #7,KvK #7,2026-01-25T23:27:01.792Z,2026-01-25T23:27:01.792Z,102,99
2077,7,728,752,752,752,752,728,true,2025-11-08,KvK #7,KvK #7,2026-01-25T23:27:01.795Z,2026-01-25T23:27:01.795Z,102,98
2078,7,729,736,729,736,729,736,false,2025-11-08,KvK #7,KvK #7,2026-01-25T23:27:01.798Z,2026-01-25T23:27:01.798Z,100,99
2081,7,730,751,751,751,751,730,true,2025-11-08,KvK #7,KvK #7,2026-01-25T23:27:01.807Z,2026-01-25T23:27:01.807Z,100,98
2083,7,731,754,731,731,731,754,true,2025-11-08,KvK #7,KvK #7,2026-01-25T23:27:01.812Z,2026-01-25T23:27:01.812Z,101,96
2085,7,732,742,742,742,742,732,true,2025-11-08,KvK #7,KvK #7,2026-01-25T23:27:01.818Z,2026-01-25T23:27:01.818Z,101,99
2086,7,735,750,735,750,735,750,false,2025-11-08,KvK #7,KvK #7,2026-01-25T23:27:01.821Z,2026-01-25T23:27:01.821Z,99,97
2088,7,738,757,738,738,738,757,true,2025-11-08,KvK #7,KvK #7,2026-01-25T23:27:01.826Z,2026-01-25T23:27:01.826Z,100,97
2090,7,739,758,758,739,758,739,false,2025-11-08,KvK #7,KvK #7,2026-01-25T23:27:01.832Z,2026-01-25T23:27:01.832Z,100,97
2091,7,740,746,746,746,746,740,true,2025-11-08,KvK #7,KvK #7,2026-01-25T23:27:01.834Z,2026-01-25T23:27:01.834Z,100,99
2092,7,741,749,749,741,749,741,false,2025-11-08,KvK #7,KvK #7,2026-01-25T23:27:01.837Z,2026-01-25T23:27:01.837Z,99,98
2093,7,743,753,753,753,753,743,true,2025-11-08,KvK #7,KvK #7,2026-01-25T23:27:01.839Z,2026-01-25T23:27:01.839Z,98,98
2095,7,747,755,755,747,755,747,false,2025-11-08,KvK #7,KvK #7,2026-01-25T23:27:01.844Z,2026-01-25T23:27:01.844Z,98,97
2100,7,759,779,759,779,759,779,false,2025-11-08,KvK #7,KvK #7,2026-01-25T23:27:01.856Z,2026-01-25T23:27:01.856Z,96,93
2103,7,760,765,765,765,765,760,true,2025-11-08,KvK #7,KvK #7,2026-01-25T23:27:01.863Z,2026-01-25T23:27:01.863Z,96,96
2105,7,761,773,773,761,773,761,false,2025-11-08,KvK #7,KvK #7,2026-01-25T23:27:01.868Z,2026-01-25T23:27:01.868Z,96,94
2108,7,762,797,797,762,797,762,false,2025-11-08,KvK #7,KvK #7,2026-01-25T23:27:01.876Z,2026-01-25T23:27:01.876Z,96,90
2111,7,763,774,763,763,763,774,true,2025-11-08,KvK #7,KvK #7,2026-01-25T23:27:01.884Z,2026-01-25T23:27:01.884Z,96,94
2114,7,764,772,764,764,764,772,true,2025-11-08,KvK #7,KvK #7,2026-01-25T23:27:01.894Z,2026-01-25T23:27:01.894Z,96,94
2119,7,766,769,769,769,769,766,true,2025-11-08,KvK #7,KvK #7,2026-01-25T23:27:01.907Z,2026-01-25T23:27:01.907Z,95,95
2122,7,767,780,767,780,767,780,false,2025-11-08,KvK #7,KvK #7,2026-01-25T23:27:01.914Z,2026-01-25T23:27:01.914Z,95,93
2125,7,768,781,781,781,781,768,true,2025-11-08,KvK #7,KvK #7,2026-01-25T23:27:01.922Z,2026-01-25T23:27:01.922Z,95,93
2130,7,770,800,800,770,800,770,false,2025-11-08,KvK #7,KvK #7,2026-01-25T23:27:01.934Z,2026-01-25T23:27:01.934Z,95,90
2132,7,771,802,771,771,771,802,true,2025-11-08,KvK #7,KvK #7,2026-01-25T23:27:01.939Z,2026-01-25T23:27:01.939Z,95,90
2139,7,775,793,793,793,793,775,true,2025-11-08,KvK #7,KvK #7,2026-01-25T23:27:01.956Z,2026-01-25T23:27:01.956Z,94,91
2142,7,776,787,787,787,787,776,true,2025-11-08,KvK #7,KvK #7,2026-01-25T23:27:01.963Z,2026-01-25T23:27:01.963Z,94,92
2143,7,777,794,777,777,777,794,true,2025-11-08,KvK #7,KvK #7,2026-01-25T23:27:01.966Z,2026-01-25T23:27:01.966Z,93,91
2145,7,778,801,801,801,801,778,true,2025-11-08,KvK #7,KvK #7,2026-01-25T23:27:01.971Z,2026-01-25T23:27:01.971Z,92,90
2153,7,782,796,782,782,782,796,true,2025-11-08,KvK #7,KvK #7,2026-01-25T23:27:01.991Z,2026-01-25T23:27:01.991Z,93,90
2155,7,783,788,788,788,788,783,true,2025-11-08,KvK #7,KvK #7,2026-01-25T23:27:01.996Z,2026-01-25T23:27:01.996Z,93,92
2156,7,784,791,791,784,791,784,false,2025-11-08,KvK #7,KvK #7,2026-01-25T23:27:01.998Z,2026-01-25T23:27:01.998Z,92,91
2159,7,785,786,786,785,786,785,false,2025-11-08,KvK #7,KvK #7,2026-01-25T23:27:02.006Z,2026-01-25T23:27:02.006Z,92,91
2166,7,789,798,789,798,789,798,false,2025-11-08,KvK #7,KvK #7,2026-01-25T23:27:02.023Z,2026-01-25T23:27:02.023Z,92,90
2168,7,790,799,790,790,790,799,true,2025-11-08,KvK #7,KvK #7,2026-01-25T23:27:02.028Z,2026-01-25T23:27:02.028Z,91,90
2172,7,792,795,795,792,795,792,false,2025-11-08,KvK #7,KvK #7,2026-01-25T23:27:02.040Z,2026-01-25T23:27:02.040Z,91,90
2186,7,803,819,819,819,819,803,true,2025-11-08,KvK #7,KvK #7,2026-01-25T23:27:02.078Z,2026-01-25T23:27:02.078Z,89,87
2188,7,804,827,804,804,804,827,true,2025-11-08,KvK #7,KvK #7,2026-01-25T23:27:02.084Z,2026-01-25T23:27:02.084Z,89,86
2190,7,805,825,805,805,805,825,true,2025-11-08,KvK #7,KvK #7,2026-01-25T23:27:02.089Z,2026-01-25T23:27:02.089Z,89,86
2192,7,806,822,806,806,806,822,true,2025-11-08,KvK #7,KvK #7,2026-01-25T23:27:02.094Z,2026-01-25T23:27:02.094Z,89,86
2193,7,807,814,807,814,807,814,false,2025-11-08,KvK #7,KvK #7,2026-01-25T23:27:02.096Z,2026-01-25T23:27:02.096Z,89,88
2195,7,808,816,816,816,816,808,true,2025-11-08,KvK #7,KvK #7,2026-01-25T23:27:02.101Z,2026-01-25T23:27:02.101Z,89,86
2198,7,809,812,809,812,809,812,false,2025-11-08,KvK #7,KvK #7,2026-01-25T23:27:02.108Z,2026-01-25T23:27:02.108Z,89,88
2200,7,810,845,810,845,810,845,false,2025-11-08,KvK #7,KvK #7,2026-01-25T23:27:02.113Z,2026-01-25T23:27:02.113Z,88,83
2201,7,811,831,811,831,811,831,false,2025-11-08,KvK #7,KvK #7,2026-01-25T23:27:02.116Z,2026-01-25T23:27:02.116Z,88,85
2204,7,813,826,826,826,826,813,true,2025-11-08,KvK #7,KvK #7,2026-01-25T23:27:02.124Z,2026-01-25T23:27:02.124Z,88,86
2206,7,815,821,821,821,821,815,true,2025-11-08,KvK #7,KvK #7,2026-01-25T23:27:02.129Z,2026-01-25T23:27:02.129Z,87,86
2208,7,817,842,817,817,817,842,true,2025-11-08,KvK #7,KvK #7,2026-01-25T23:27:02.134Z,2026-01-25T23:27:02.134Z,87,83
2211,7,818,836,836,818,836,818,false,2025-11-08,KvK #7,KvK #7,2026-01-25T23:27:02.143Z,2026-01-25T23:27:02.143Z,87,84
2215,7,820,838,838,820,838,820,false,2025-11-08,KvK #7,KvK #7,2026-01-25T23:27:02.155Z,2026-01-25T23:27:02.155Z,87,84
2217,7,823,830,830,830,830,823,true,2025-11-08,KvK #7,KvK #7,2026-01-25T23:27:02.159Z,2026-01-25T23:27:02.159Z,86,85
2218,7,824,829,829,829,829,824,true,2025-11-08,KvK #7,KvK #7,2026-01-25T23:27:02.164Z,2026-01-25T23:27:02.164Z,86,85
2220,7,828,835,835,835,835,828,true,2025-11-08,KvK #7,KvK #7,2026-01-25T23:27:02.171Z,2026-01-25T23:27:02.171Z,84,84
2224,7,832,840,840,832,840,832,false,2025-11-08,KvK #7,KvK #7,2026-01-25T23:27:02.181Z,2026-01-25T23:27:02.181Z,85,83
2225,7,833,839,833,833,833,839,true,2025-11-08,KvK #7,KvK #7,2026-01-25T23:27:02.184Z,2026-01-25T23:27:02.184Z,85,84
2226,7,834,844,834,844,834,844,false,2025-11-08,KvK #7,KvK #7,2026-01-25T23:27:02.186Z,2026-01-25T23:27:02.186Z,84,83
2228,7,837,843,843,837,843,837,false,2025-11-08,KvK #7,KvK #7,2026-01-25T23:27:02.192Z,2026-01-25T23:27:02.192Z,84,83
2230,7,841,846,846,846,846,841,true,2025-11-08,KvK #7,KvK #7,2026-01-25T23:27:02.197Z,2026-01-25T23:27:02.197Z,83,83
2231,7,847,867,867,867,867,847,true,2025-11-08,KvK #7,KvK #7,2026-01-25T23:27:02.199Z,2026-01-25T23:27:02.199Z,82,79
2234,7,848,857,848,848,848,857,true,2025-11-08,KvK #7,KvK #7,2026-01-25T23:27:02.207Z,2026-01-25T23:27:02.207Z,82,81
2237,7,849,871,849,871,849,871,false,2025-11-08,KvK #7,KvK #7,2026-01-25T23:27:02.215Z,2026-01-25T23:27:02.215Z,82,77
2240,7,850,866,850,850,850,866,true,2025-11-08,KvK #7,KvK #7,2026-01-25T23:27:02.224Z,2026-01-25T23:27:02.224Z,82,79
2243,7,851,861,861,861,861,851,true,2025-11-08,KvK #7,KvK #7,2026-01-25T23:27:02.236Z,2026-01-25T23:27:02.236Z,82,80
2246,7,852,868,868,868,868,852,true,2025-11-08,KvK #7,KvK #7,2026-01-25T23:27:02.247Z,2026-01-25T23:27:02.247Z,81,79
2249,7,853,877,853,853,853,877,true,2025-11-08,KvK #7,KvK #7,2026-01-25T23:27:02.256Z,2026-01-25T23:27:02.256Z,81,77
2252,7,854,879,854,854,854,879,true,2025-11-08,KvK #7,KvK #7,2026-01-25T23:27:02.268Z,2026-01-25T23:27:02.268Z,81,77
2255,7,855,886,855,855,855,886,true,2025-11-08,KvK #7,KvK #7,2026-01-25T23:27:02.277Z,2026-01-25T23:27:02.277Z,81,76
2257,7,856,864,856,864,856,864,false,2025-11-08,KvK #7,KvK #7,2026-01-25T23:27:02.283Z,2026-01-25T23:27:02.283Z,81,79
2261,7,858,862,862,862,862,858,true,2025-11-08,KvK #7,KvK #7,2026-01-25T23:27:02.295Z,2026-01-25T23:27:02.295Z,80,80
2264,7,859,878,878,878,878,859,true,2025-11-08,KvK #7,KvK #7,2026-01-25T23:27:02.304Z,2026-01-25T23:27:02.304Z,80,77
2265,7,860,880,880,880,880,860,true,2025-11-08,KvK #7,KvK #7,2026-01-25T23:27:02.307Z,2026-01-25T23:27:02.307Z,80,77
2271,7,863,876,863,876,863,876,false,2025-11-08,KvK #7,KvK #7,2026-01-25T23:27:02.324Z,2026-01-25T23:27:02.324Z,80,76
2274,7,865,887,865,865,865,887,true,2025-11-08,KvK #7,KvK #7,2026-01-25T23:27:02.332Z,2026-01-25T23:27:02.332Z,79,76
2280,7,869,873,869,873,869,873,false,2025-11-08,KvK #7,KvK #7,2026-01-25T23:27:02.348Z,2026-01-25T23:27:02.348Z,78,78
2284,7,872,875,875,875,875,872,true,2025-11-08,KvK #7,KvK #7,2026-01-25T23:27:02.357Z,2026-01-25T23:27:02.357Z,78,77
2287,7,874,882,882,882,882,874,true,2025-11-08,KvK #7,KvK #7,2026-01-25T23:27:02.366Z,2026-01-25T23:27:02.366Z,78,76
2298,7,881,883,881,881,881,883,true,2025-11-08,KvK #7,KvK #7,2026-01-25T23:27:02.393Z,2026-01-25T23:27:02.393Z,77,76
2300,7,884,885,884,884,884,885,true,2025-11-08,KvK #7,KvK #7,2026-01-25T23:27:02.398Z,2026-01-25T23:27:02.398Z,76,76